"path"	"bytes"	"sha256"
"docs/inputs/life-l2-paired-expression/paired_expression.csv"	"130"	"e1a2ea0f37d656c5ca2dabb9b569ac313646f295899ecccb0e0f92aacf154f50"
"docs/inputs/life-l2-paired-expression/README.md"	"756"	"2254b680df849fe97f96a1b6cad7f7c6afc2a6214ab92d5bd7e5fe94e8a2b86d"
"docs/inputs/ls01-grna-offtarget-rank/candidates.csv"	"246"	"965590e639364ca2aaf61ded8ddda12ed9838294901d93079b22ab25bb497ea4"
"docs/inputs/ls01-grna-offtarget-rank/off_targets.csv"	"295"	"8f52b0ef420e623ac67e7729cc58a20ef353a26b0b5843eba1e43e451e17545b"
"docs/inputs/ls01-primer-transcript-audit/primer_candidates.csv"	"247"	"07c905d981a61b29d29a4807ecc862c6f3c6f33941521ddc47f3e3bc33be17b1"
"docs/inputs/ls01-primer-transcript-audit/transcripts.fa"	"276"	"f5df8e81ef56fb1376cba74338401c10fb46cae24aec88b57e616b2d9719ade6"
"docs/inputs/ls01-vector-orf-audit/constructs.csv"	"262"	"5c7c9101c243e34c3fd8d2c56d10a384551d37375a6d2eebf300d90017cf2189"
"docs/inputs/ls02-deleterious-mutation/deleterious.mutation.q2.R1.fq.gz"	"53964925"	"656a689d572750249a8f5a24e35159c9a11bfb63d425a83f2774a81e8379bf29"
"docs/inputs/ls02-find-deletion/find.deletion.r1.fq.gz"	"16705359"	"ebb2325b99c28eb227d8f0c2c0db0eef808f737a6377b7956029f0d1f5f140d5"
"docs/inputs/ls02-find-deletion/find.deletion.r2.fq.gz"	"16701241"	"142a6502367f40fc7324cf6243ee3dbae715afd79dfa2ae3069d38a849249cae"
"docs/inputs/ls02-infer-genome-build/vcf.infer.build.q1.vcf.gz"	"3788749"	"0f035fb4f35b47be7a52b8d632daeb005eff6016fa1653f3008229d2e46f016e"
"docs/inputs/ls03-atac-sample-swap/sample.swap.atac.q1.chrom.sizes"	"1133"	"e599999a627dc825eeefcd2c1070905531b46919c13384293201163013b6632b"
"docs/inputs/ls03-atac-sample-swap/sample.swap.atac.q1.tsv.gz"	"75204929"	"00875695427a53522c51ab62697ab4e950307d6c1adb8c1af728bc43343fa44f"
"docs/inputs/ls03-cryptic-exon/cryptic.exon.q1.fq.gz"	"16920968"	"50017ddd9d89165f26b464c88a2b998880913f2dc89832c999f835806575c88d"
"docs/inputs/ls03-genome-coordinates/single_cell_dynamics_question.csv"	"18361955"	"a5e0e0f66044dd59cf151aa565308207673d66f9cb39c776885fd493d210a9ff"
"docs/inputs/ls04-differential-composition/differential.composition.q1.1.mtx.gz"	"29076744"	"4c9257db1e6fe8cecb6c3bfbc83a9f7b82bfd388f339dfb390057b89a3d3a8ca"
"docs/inputs/ls04-differential-composition/differential.composition.q1.2.mtx.gz"	"31011024"	"c2303128c017315c8228d24903cd268259d83cbceea02d22e2963993f458f489"
"docs/inputs/ls04-differential-composition/differential.composition.q1.genes.txt.gz"	"223316"	"1c990405313967f4913021f0ea6b6f18e80d7d10b9bdc9151d3f105b6b925740"
"docs/inputs/ls04-perturbseq-reference-map/perturb.seq.align.q1.query.h5ad"	"19163116"	"548b33e7015d884e33dce254fcb7707ac187ec5cb33ebbd45954f2623831327e"
"docs/inputs/ls04-perturbseq-reference-map/perturb.seq.align.q1.ref.h5ad"	"41142620"	"42b0b42978321217db1d33a9de1b93b2662e37dd4877032defaf55388b377f20"
"docs/inputs/ls04-spatial-deconvolution/spatial.sim.tar.gz"	"2174692"	"f290570ad3d3230c0672e3050b54b37f9d89e5673f2a10216ccd359233aa417a"
"docs/inputs/ls05-low-confidence-pocket/confidence.csv"	"142"	"5c699926ecbab20844a83e588aada34fce7adec2c728eadd2293561d635c507a"
"docs/inputs/ls05-low-confidence-pocket/mutation_candidates.csv"	"167"	"25acece8b4b1a424dc0b98d895ef5be02824065a239dda8fd8b8de42987c0251"
"docs/inputs/ls05-protein-shape/protein.shape.q1.pdb"	"1558926"	"f7b3cbffa1dde5c84cb404ee3a060630a506a0111fc1a5468ebb2bcce98207ff"
"docs/inputs/ls05-structure-model-ranking/model_metrics.csv"	"164"	"7bd496f6cdc8b432fc4f44cdab793750ab1af611374c4dfd2ab446d9677987f4"
"docs/inputs/ls05-structure-model-ranking/residue_errors.csv"	"162"	"32cbb5dfa091167731f5b7aad8969de24252c4ba31aafe87418712a417baa0b4"
"docs/inputs/ls06-eno1-effect-size/MeRIP_RNA_result.xlsx"	"1155180"	"0e609d50f5c8f85da42f21edaf5e5ec6a00b916c52618ae4fc2fa944bbbed615"
"docs/inputs/ls06-eno1-effect-size/Proteomic_data .xlsx"	"646418"	"4797b77b150b85ffae004e1f7c45247b70f20bc7585d811d46f5ecbdc3cf9fed"
"docs/inputs/ls06-eno1-significance-audit/MeRIP_RNA_result.xlsx"	"1155180"	"0e609d50f5c8f85da42f21edaf5e5ec6a00b916c52618ae4fc2fa944bbbed615"
"docs/inputs/ls06-eno1-significance-audit/Proteomic_data .xlsx"	"646418"	"4797b77b150b85ffae004e1f7c45247b70f20bc7585d811d46f5ecbdc3cf9fed"
"docs/inputs/ls07-combination-treatment-deg/counts_raw_unfiltered.csv"	"6080359"	"c233e3e1c68efea27818d97cc45dd1cceeb0bbb9e8693951b6964cd1a8f6ac17"
"docs/inputs/ls07-combination-treatment-deg/ensg_to_gene_name.tsv"	"2360408"	"bcee755a136bec21e8e60886acbbb841751633b67ba786f61e52857295cc9c17"
"docs/inputs/ls07-combination-treatment-deg/sample_layout.csv"	"2891"	"cb0212290186c6c5ecbd4d06f18e7fd0ad93d101ab0f07e7171e566e5cfa2584"
"docs/inputs/ls07-combination-treatment-mechanism/counts_raw_unfiltered.csv"	"6080359"	"c233e3e1c68efea27818d97cc45dd1cceeb0bbb9e8693951b6964cd1a8f6ac17"
"docs/inputs/ls07-combination-treatment-mechanism/ensg_to_gene_name.tsv"	"2360408"	"bcee755a136bec21e8e60886acbbb841751633b67ba786f61e52857295cc9c17"
"docs/inputs/ls07-combination-treatment-mechanism/sample_layout.csv"	"2891"	"cb0212290186c6c5ecbd4d06f18e7fd0ad93d101ab0f07e7171e566e5cfa2584"
"docs/inputs/ls08-enhancer-promoter-integration/ep.interactions.q1.expr.csv"	"3792"	"5707e13db4d8252a25db70d0b62e9c11fa8f5721e5ee5320c5be501f3b955092"
"docs/inputs/ls08-enhancer-promoter-integration/ep.interactions.q1.hic.csv"	"6388"	"662ec81e31f7699cc5eaa7e0803377fef942320ac9a610e121f825cf8607768f"
"docs/inputs/ls08-multiome-column-match/multiome.match.atac.rna.q1.atac.tsv.gz"	"15259355"	"2b72f84d4a9c75dc78611b3b6ff727a0d2190e3d98f49f2fd08e8d1ebfe00d16"
"docs/inputs/ls08-multiome-column-match/multiome.match.atac.rna.q1.rna.tsv.gz"	"1432352"	"caceed54a983fb7c0b58cb5d34a61a999b0e7dec9efa2dd0175450fa0f080784"
"docs/inputs/ls09-opentrons-sop/labware.csv"	"259"	"352fabac2815c970d9799cc89df629e268cf7b6bb708d0fb95c4da90070f5bd9"
"docs/inputs/ls09-opentrons-sop/sop.md"	"454"	"2a710afae3e2fef1e1477fb804aaabfb33293b9fc7b40633c28f3b0a8c977c90"
"docs/inputs/ls09-plate-dilution-recovery/dilution_request.csv"	"94"	"7770346dd40d12578ace15ace846575762db5f8a32af8f402751bedcc3f950c1"
"docs/inputs/ls09-plate-dilution-recovery/pipettes.csv"	"62"	"31f490d6ffdd030ce0d7ff9d160a92b1b5105fdf861f576e26735b0f1f44b5a9"
"docs/inputs/ls09-plate-dilution-recovery/run_log.csv"	"133"	"fd5e8eb0437cfd7f3164017883939d13f0c369fe3f7c94bd17f56e965dbc02a4"
"docs/inputs/ls10-neun-power-analysis/NeuN_quantification.csv"	"218"	"c6627a3f8b8ff772e8512816044ed9b3338ce80b5d0cd2f1a08f734f77895116"
"docs/inputs/ls10-treatment-response-model/data.xlsx"	"22788"	"0088a66f710fb0e402d46647c2fa1cb2bbf42ffb9f36edc71100b610685d4399"
"docs/inputs/README.md"	"787"	"8f8e0eb7058046f7a0a3463bfcdd91df133000023abfb6ad6f72253c91b25bda"
